amparo_legal;RN;amparos_rn30
RESOLUÇÃO NORMATIVA 30/2018 - Renovação de Residência (RN 11/2017 - Anexo XII - Inciso III);RN 30;RN 11
MJ - Mudança de Empregador - Mudança;MUDANÇA DE EMPREGADOR;
MUDANÇA DE EMPREGADOR - Dec. 9.199/2017 - Mudança, de 21/11/2017, Artigo 147, Parágrafo 8;MUDANÇA DE EMPREGADOR;
MUDANÇA DE EMPREGADOR - Dec. 9.199/2017 - Mudança, de 21/11/2017, Artigo 147, ParÃ¡grafo 8;MUDANÇA DE EMPREGADOR;
MUDANÇA DE EMPREGADOR - Dec. 9.199/2017 - MUDANÇA, de 21/11/2017, Artigo 147, Parágrafo 8;MUDANÇA DE EMPREGADOR;
MUDANÇA DE EMPREGADOR - Dec. 9.199/2017 (Artigo 147, Parágrafo 8);MUDANÇA DE EMPREGADOR;
PORTARIA Nº 656/2018 - Reg. Instrumento Contratual - Reg. de Instrumento Contratual;PORTARIA Nº 656/2018;
PORTARIA Nº 656/2018 - Registro de Instrumento Contratual;PORTARIA Nº 656/2018;
Prorrogação - PEDIDO GERAL - APLICÁVEL SOMENTE às RN nº 01, 69, 71, 79, 81 e 121. - Prorrogação;Prorrogacao;
PRORROGAÇÃO - Portaria nº 45/2007 - Prorrogação, de 29/03/2007;Prorrogacao;
R 45 - Residência - Resolução, de 09/09/2021, Artigo 4º;RN 45;
RC CNIG CONARE MJSP 02/2020;RC CNIG CONARE MJSP 02/2020;
RC CNIG CONARE MJSP nº 2/2020 - RC, de 11/03/2021;RC CNIG CONARE MJSP 02/2020;
RC n. 01/2018 - RC, de 14/12/2018;RC 01;
Resolução Conjunta CNIG CONARE MJSP nº 2/2020 - Resolução Conjunta, de 11/03/2021;RC 01;
Resolução Conjunta n. 01/2018 - Resolução Conjunta, de 14/12/2018;RC 01;
RESOLUÇÃO 47/2022 - Alteração do Prazo;RN 47;
RESOLUÇÃO 47/2022 - Renovação (Art. 5º);RN 47;
RESOLUÇÃO 47/2022 - Renovação (Art. 6º);RN 47;
RESOLUÇÃO 47/2022 (Art. 2º);RN 47;
RESOLUÇÃO 47/2022 (Art. 3º);RN 47;
RESOLUÇÃO 47/2022 (Art. 4º c/c 2º);RN 47;
RESOLUÇÃO 47/2022 (Art. 4º c/c 3º);RN 47;
RESOLUÇÃO CONJUNTA 01/2018;RC 01;
RESOLUÇÃO CONJUNTA CNIG CONARE MJSP 02/2020;RC CNIG CONARE MJSP 02/2020;
RESOLUÇÃO NORMATIVA 02/2017 ;RN 02;
RESOLUÇÃO NORMATIVA 03/2017 (Art. 2º);RN 03;
RESOLUÇÃO NORMATIVA 03/2017 (Art. 3º);RN 03;
RESOLUÇÃO NORMATIVA 03/2017 (Art. 4º, §1º);RN 03;
RESOLUÇÃO NORMATIVA 03/2017 (Art. 4º, Caput);RN 03;
RESOLUÇÃO NORMATIVA 04/2017;RN 04;
RESOLUÇÃO NORMATIVA 05/2017;RN 05;
RESOLUÇÃO NORMATIVA 06/2017;RN 06;
RESOLUÇÃO NORMATIVA 07/2017;RN 07;
RESOLUÇÃO NORMATIVA 08/2017;RN 08;
RESOLUÇÃO NORMATIVA 09/2017;RN 09;
RESOLUÇÃO NORMATIVA 10/2017;RN 10;
RESOLUÇÃO NORMATIVA 11/2017 (Art. 1º, §3º);RN 11;
RESOLUÇÃO NORMATIVA 11/2017 (Art. 1º, §4º);RN 11;
RESOLUÇÃO NORMATIVA 11/2017 (Art. 2º, Inc I);RN 11;
RESOLUÇÃO NORMATIVA 11/2017 (Art. 2º, Inc II);RN 11;
RESOLUÇÃO NORMATIVA 11/2017 (Art. 4º, §1º);RN 11;
RESOLUÇÃO NORMATIVA 11/2017 (Art. 6º c/c 1º, §2º);RN 11;
RESOLUÇÃO NORMATIVA 11/2017 (Art. 6º c/c 1º, §3º);RN 11;
RESOLUÇÃO NORMATIVA 11/2017 (Art. 6º c/c 1º, §4º);RN 11;
RESOLUÇÃO NORMATIVA 11/2017 (Art. 6º c/c 2º, Inc I);RN 11;
RESOLUÇÃO NORMATIVA 11/2017 (Art. 6º c/c 2º, Inc II);RN 11;
RESOLUÇÃO NORMATIVA 11/2017 (Art. 6º c/c 2º, Inc III);RN 11;
RESOLUÇÃO NORMATIVA 11/2017 (Art. 6º c/c 5º);RN 11;
RESOLUÇÃO NORMATIVA 12/2017;RN 12;
RESOLUÇÃO NORMATIVA 13/2017;RN 13;
RESOLUÇÃO NORMATIVA 13/2017 (Art. 3º);RN 13;
RESOLUÇÃO NORMATIVA 14/2017;RN 14;
RESOLUÇÃO NORMATIVA 15/2017;RN 15;
RESOLUÇÃO NORMATIVA 16/2017;RN 16;
RESOLUÇÃO NORMATIVA 17/2017;RN 17;
RESOLUÇÃO NORMATIVA 19/2017;RN 19;
RESOLUÇÃO NORMATIVA 20/2017;RN 20;
RESOLUÇÃO NORMATIVA 21/2017;RN 21;
RESOLUÇÃO NORMATIVA 23/2017;RN 23;
RESOLUÇÃO NORMATIVA 24/2018;RN 24;
RESOLUÇÃO NORMATIVA 26/2018;RN 26;
RESOLUÇÃO NORMATIVA 26/2018 (Art. 2º);RN 26;
RESOLUÇÃO NORMATIVA 26/2018 (Art. 3º);RN 26;
RESOLUÇÃO NORMATIVA 30/2018 - Alteração de Prazo (RN 02/2017);RN 30;RN 02
RESOLUÇÃO NORMATIVA 30/2018 - Alteração de Prazo (RN 14/2017);RN 30;RN 14
RESOLUÇÃO NORMATIVA 30/2018 - Alteração de Prazo (RN 23/2017);RN 30;RN 23
RESOLUÇÃO NORMATIVA 30/2018 - Alteração de Prazo (RN 24/2018);RN 30;RN 24
RESOLUÇÃO NORMATIVA 30/2018 - Alteração de Prazo (RN 40/2019);RN 30;RN 40
RESOLUÇÃO NORMATIVA 30/2018 - Renovação de Residência (RN 02/2017);RN 30;RN 02
RESOLUÇÃO NORMATIVA 30/2018 - Renovação de Residência (RN 03/2017);RN 30;RN 03
RESOLUÇÃO NORMATIVA 30/2018 - Renovação de Residência (RN 04/2017);RN 30;RN 04
RESOLUÇÃO NORMATIVA 30/2018 - Renovação de Residência (RN 06/2017);RN 30;RN 06
RESOLUÇÃO NORMATIVA 30/2018 - Renovação de Residência (RN 07/2017);RN 30;RN 07
RESOLUÇÃO NORMATIVA 30/2018 - Renovação de Residência (RN 08/2017);RN 30;RN 08
RESOLUÇÃO NORMATIVA 30/2018 - Renovação de Residência (RN 09/2017);RN 30;RN 09
RESOLUÇÃO NORMATIVA 30/2018 - Renovação de Residência (RN 10/2017);RN 30;RN 10
RESOLUÇÃO NORMATIVA 30/2018 - Renovação de Residência (RN 11/2017 - Anexo XII - Inciso I);RN 30;RN 11
RESOLUÇÃO NORMATIVA 30/2018 - Renovação de Residência (RN 11/2017);RN 30;RN 11
RESOLUÇÃO NORMATIVA 30/2018 - Renovação de Residência (RN 13/2017);RN 30;RN 13
RESOLUÇÃO NORMATIVA 30/2018 - Renovação de Residência (RN 14/2017);RN 30;RN 14
RESOLUÇÃO NORMATIVA 30/2018 - Renovação de Residência (RN 15/2017);RN 30;RN 15
RESOLUÇÃO NORMATIVA 30/2018 - Renovação de Residência (RN 16/2017);RN 30;RN 16
RESOLUÇÃO NORMATIVA 30/2018 - Renovação de Residência (RN 17/2017);RN 30;RN 17
RESOLUÇÃO NORMATIVA 30/2018 - Renovação de Residência (RN 20/2017);RN 30;RN 20
RESOLUÇÃO NORMATIVA 30/2018 - Renovação de Residência (RN 21/2017);RN 30;RN 21
RESOLUÇÃO NORMATIVA 30/2018 - Renovação de Residência (RN 23/2017);RN 30;RN 23
RESOLUÇÃO NORMATIVA 30/2018 - Renovação de Residência (RN 24/2018);RN 30;RN 24
RESOLUÇÃO NORMATIVA 30/2018 - Renovação de Residência (RN 40/2019);RN 30;RN 40
RESOLUÇÃO NORMATIVA 36/2018 (Art. 2º, Alínea a);RN 36;
RESOLUÇÃO NORMATIVA 36/2018 (Art. 2º, Alínea b);RN 36;
RESOLUÇÃO NORMATIVA 36/2018 (Art. 4º c/c 2º, Alínea a);RN 36;
RESOLUÇÃO NORMATIVA 36/2018 (Art. 4º c/c 2º, Alínea b);RN 36;
RESOLUÇÃO NORMATIVA 40/2019 (Art. 3º c/c 4º, Inciso I);RN 40;
RESOLUÇÃO NORMATIVA 40/2019 (Art. 4º c/c 2º, Inciso II);RN 40;
RESOLUÇÃO  45/2021 - Renovação de Residência;RN 45;
RESOLUÇÃO  45/2021;RN 45;
RN 01 - Resolução Normativa, de 05/05/1997;RN 01;
RN 02 - Residência - Resolução Normativa, de 08/12/2017;RN 02;
RN 02 - Residência Prévia - Resolução Normativa, de 08/12/2017;RN 02;
RN 02/2017 ;RN 02;
RN 03 - Residência - Resolução Normativa, de 08/12/2017, Artigo 3º;RN 03;
RN 03 - Residência - Resolução Normativa, de 08/12/2017, Artigo 3º§;RN 03;
RN 03 - Residência Prévia - Resolução Normativa, de 08/12/2017, Artigo 2º;RN 03;
RN 03 - Residência Prévia - Resolução Normativa, de 08/12/2017, Artigo 2º§;RN 03;
RN 03 - Residência Prévia - Resolução Normativa, de 08/12/2017, Artigo 4º caput;RN 03;
RN 03 - Residência Prévia - Resolução Normativa, de 08/12/2017, Artigo 4º, Parágrafo 1º;RN 03;
RN 03 - Residência Prévia - Resolução Normativa, de 08/12/2017, Artigo 4º, ParÃ¡grafo 1º;RN 03;
RN 03 - Residência Prévia - Resolução Normativa, de 08/12/2017, Artigo 4º§ caput;RN 03;
RN 03 - Residência Prévia - Resolução Normativa, de 08/12/2017, Artigo 4º§, Parágrafo 1º§;RN 03;
RN 03/2017 (Art. 2º);RN 03;
RN 03/2017 (Art. 3º);RN 03;
RN 03/2017 (Art. 4º, §1º);RN 03;
RN 03/2017 (Art. 4º, Caput);RN 03;
RN 04 - Residência - Resolução Normativa, de 08/12/2017;RN 04;
RN 04 - Residência Prévia - Resolução Normativa, de 08/12/2017;RN 04;
RN 04/2017;RN 04;
RN 05 - Residência - Resolução Normativa, de 08/12/2017;RN 05;
RN 05 - Residência Prévia - Resolução Normativa, de 08/12/2017;RN 05;
RN 05/2017;RN 05;
RN 06 - Residência - Resolução Normativa, de 08/12/2017;RN 06;
RN 06 - Residência Prévia - Resolução Normativa, de 08/12/2017;RN 06;
RN 06/2017;RN 06;
RN 07 - Residência - Resolução Normativa, de 08/12/2017;RN 07;
RN 07 - Residência Prévia - Resolução Normativa, de 08/12/2017;RN 07;
RN 07/2017;RN 07;
RN 08 - Residência - Resolução Normativa, de 08/12/2017;RN 08;
RN 08 - Residência Prévia - Resolução Normativa, de 08/12/2017;RN 08;
RN 08/2017;RN 08;
RN 09 - Residência - Resolução Normativa, de 08/12/2017;RN 09;
RN 09 - Residência Prévia - Resolução Normativa, de 08/12/2017;RN 09;
RN 10 - Residência - Resolução Normativa, de 08/12/2017;RN 10;
RN 10 - Residência Prévia - Resolução Normativa, de 08/12/2017;RN 10;
RN 10/2017;RN 10;
RN 103 - Resolução Normativa, de 16/05/2013;RN 103;
RN 11/2017 (Art. 1º, §3º);RN 11;
RN 11/2017 (Art. 2º, Inc I);RN 11;
RN 11/2017 (Art. 2º, Inc II);RN 11;
RN 11/2017 (Art. 4º, §1º);RN 11;
RN 11/2017 (Art. 6º c/c 1º, §2º);RN 11;
RN 11/2017 (Art. 6º c/c 2º, Inc I);RN 11;
RN 11/2017 (Art. 6º c/c 5º);RN 11;
RN 11/2017 Concomitância - Resolução Normativa, de 08/12/2017, Artigo 4º, Parágrafo 1º;RN 11;
RN 11/2017 Concomitância - Resolução Normativa, de 08/12/2017, Artigo 4º, ParÃ¡grafo 1º;RN 11;
RN 11/2017 Concomitância - Resolução Normativa, de 08/12/2017, Artigo 4º§, Parágrafo 1º§;RN 11;
RN 11/2017 Residência - Resolução Normativa, Artigo 6º c/c 2º, Inciso I;RN 11;
RN 11/2017 Residência - Resolução Normativa, Artigo 6º c/c 2º, Inciso II;RN 11;
RN 11/2017 Residência - Resolução Normativa, de 08/12/2017, Artigo 6º;RN 11;
RN 11/2017 Residência - Resolução Normativa, de 08/12/2017, Artigo 6º c/c 1º, Parágrafo 2º;RN 11;
RN 11/2017 Residência - Resolução Normativa, de 08/12/2017, Artigo 6º c/c 1º, Parágrafo 3º;RN 11;
RN 11/2017 Residência - Resolução Normativa, de 08/12/2017, Artigo 6º c/c 1º, Parágrafo 4º;RN 11;
RN 11/2017 Residência - Resolução Normativa, de 08/12/2017, Artigo 6º c/c 1º, ParÃ¡grafo 2º;RN 11;
RN 11/2017 Residência - Resolução Normativa, de 08/12/2017, Artigo 6º c/c 1º, ParÃ¡grafo 3º;RN 11;
RN 11/2017 Residência - Resolução Normativa, de 08/12/2017, Artigo 6º c/c 1º, ParÃ¡grafo 4º;RN 11;
RN 11/2017 Residência - Resolução Normativa, de 08/12/2017, Artigo 6º c/c 2º, Inciso III;RN 11;
RN 11/2017 Residência - Resolução Normativa, de 08/12/2017, Artigo 6º c/c 5º;RN 11;
RN 11/2017 Residência - Resolução Normativa, de 08/12/2017, Artigo 6º§;RN 11;
RN 11/2017 Residência - Resolução Normativa, de 08/12/2017, Artigo 6º§ c/c 1º§, Parágrafo 3º§;RN 11;
RN 11/2017 Residência Prévia - Resolução Normativa, Artigo 2º, Inciso I;RN 11;
RN 11/2017 Residência Prévia - Resolução Normativa, Artigo 2º, Inciso II;RN 11;
RN 11/2017 Residência Prévia - Resolução Normativa, de 08/12/2017, Artigo 1º, Parágrafo 2º;RN 11;
RN 11/2017 Residência Prévia - Resolução Normativa, de 08/12/2017, Artigo 1º, Parágrafo 3º;RN 11;
RN 11/2017 Residência Prévia - Resolução Normativa, de 08/12/2017, Artigo 1º, Parágrafo 4º;RN 11;
RN 11/2017 Residência Prévia - Resolução Normativa, de 08/12/2017, Artigo 1º, ParÃ¡grafo 2º;RN 11;
RN 11/2017 Residência Prévia - Resolução Normativa, de 08/12/2017, Artigo 1º, ParÃ¡grafo 3º;RN 11;
RN 11/2017 Residência Prévia - Resolução Normativa, de 08/12/2017, Artigo 1º, ParÃ¡grafo 4º;RN 11;
RN 11/2017 Residência Prévia - Resolução Normativa, de 08/12/2017, Artigo 1º§, Parágrafo 3º§;RN 11;
RN 11/2017 Residência Prévia - Resolução Normativa, de 08/12/2017, Artigo 2º;RN 11;
RN 11/2017 Residência Prévia - Resolução Normativa, de 08/12/2017, Artigo 2º, Inciso III;RN 11;
RN 11/2017 Residência Prévia - Resolução Normativa, de 08/12/2017, Artigo 2º§;RN 11;
RN 11/2017 Residência Prévia - Resolução Normativa, de 08/12/2017, Artigo 5º;RN 11;
RN 118 - Resolução Normativa, de 02/12/2015, Artigo 2º;RN 118;
RN 118 - Resolução Normativa, de 02/12/2015, Artigo 3º;RN 118;
RN 12 - Residência - Resolução Normativa, de 08/12/2017;RN 12;
RN 12 - Residência Prévia - Resolução Normativa, de 08/12/2017;RN 12;
RN 12/2017;RN 12;
RN 121 - Resolução Normativa, de 08/03/2016;RN 121;
RN 124 - Transformação, de 22/12/2016, Artigo 1º, Inciso I;RN 124;
RN 124 - Transformação, de 22/12/2016, Artigo 1º, Inciso II;RN 124;
RN 13 - Residência - Resolução Normativa, de 13/12/2017, Artigo 3º;RN 13;
RN 13 - Residência - Resolução Normativa, de 13/12/2017, Artigo 3º§;RN 13;
RN 13 - Residência - Resolução Normativa, de 22/12/2017;RN 13;
RN 13 - Residência Prévia - Resolução Normativa, de 12/12/2017, Artigo 3º;RN 13;
RN 13 - Residência Prévia - Resolução Normativa, de 12/12/2017, Artigo 3º§;RN 13;
RN 13 - Residência Prévia - Resolução Normativa, de 22/12/2017;RN 13;
RN 13/2017;RN 13;
RN 13/2017 (Art. 3º);RN 13;
RN 14 - Residência - Resolução Normativa, de 22/12/2017;RN 14;
RN 14/2017;RN 14;
RN 15 - Residência - Resolução Normativa, de 22/12/2017;RN 15;
RN 15/2017;RN 15;
RN 16 - Residência Prévia - Resolução Normativa, de 22/12/2017;RN 16;
RN 16/2017;RN 16;
RN 17 - Residência - Resolução Normativa, de 22/12/2017;RN 17;
RN 17/2017;RN 17;
RN 18 - Residência - Resolução Normativa, de 22/12/2017;RN 18;
RN 18 - Residência Prévia - Resolução Normativa, de 22/12/2017;RN 18;
RN 19 - Residência - Resolução Normativa, de 22/12/2017;RN 19;
RN 19 - Residência Prévia - Resolução Normativa, de 22/12/2017;RN 19;
RN 19/2017;RN 19;
RN 20 - Residência - Resolução Normativa, de 22/12/2017;RN 20;
RN 20/2017;RN 20;
RN 21 - Residência - Resolução Normativa, de 22/12/2017;RN 21;
RN 21 - Residência Prévia - Resolução Normativa, de 22/12/2017;RN 21;
RN 21/2017;RN 21;
RN 22 - Residência - Resolução Normativa, de 22/12/2017;RN 22;
RN 23 - Residência - Resolução Normativa, Artigo 1º, Inciso I;RN 23;
RN 23 - Residência - Resolução Normativa, Artigo 1º, Inciso II;RN 23;
RN 23 - Residência - Resolução Normativa, de 22/12/2017;RN 23;
RN 23/2017;RN 23;
RN 24 - Residência - Resolução Normativa, de 20/02/2018;RN 24;
RN 24 - Residência Prévia - Resolução Normativa, de 20/02/2018;RN 24;
RN 24/2018;RN 24;
RN 26 - Residência - Resolução Normativa, de 02/04/2018;RN 26;
RN 26 - Residência Prévia - Resolução Normativa, de 02/04/2018, Artigo 2º;RN 26;
RN 26 - Residência Prévia - Resolução Normativa, de 02/04/2018, Artigo 2º§;RN 26;
RN 26 - Residência Prévia - Resolução Normativa, de 02/04/2018, Artigo 3º;RN 26;
RN 26 - Residência Prévia - Resolução Normativa, de 02/04/2018, Artigo 3º§;RN 26;
RN 26/2018 (Art. 3º);RN 26;
RN 27 - Resolução Normativa, de 25/11/1998;RN 27;
RN 27/98 C/C RN 80/08 - Combinação;RN 27;
RN 27/98 C/C RR 08/06 - Combinação;RN 27;
RN 30 - ALT. PRAZO (RN 14/2017) - Resolução Normativa, de 25/07/2018;RN 30;RN 14
RN 30 - ALT. PRAZO (RN 40/2019) - Resolução Normativa, de 12/06/2018;RN 30;RN 40
RN 30 - ALT.PRAZO (RN 23/2017) - Resolução Normativa, de 12/06/2018;RN 30;RN 23
RN 30 - ALT.PRAZO (RN 24/2018) - Resolução Normativa, de 12/06/2018;RN 30;RN 24
RN 30 - ALT.PRAZO (RN02/2017) - Resolução Normativa, de 12/06/2018;RN 30;RN 02
RN 30 - REN. RESID (RN 40/2019) - Resolução Normativa, de 12/06/2018;RN 30;RN 40
RN 30 - REN.RESID ( RN 03/2017) - Resolução Normativa, de 12/06/2018;RN 30;RN 03
RN 30 - REN.RESID ( RN 04/2017) - Resolução Normativa;RN 30;RN 04
RN 30 - REN.RESID ( RN 05/2017) - Resolução Normativa, de 12/06/2018;RN 30;RN 05
RN 30 - REN.RESID ( RN 06/2017) - Resolução Normativa, de 12/06/2018;RN 30;RN 06
RN 30 - REN.RESID ( RN 07/2017) - Resolução Normativa, de 12/06/2018;RN 30;RN 07
RN 30 - REN.RESID ( RN 08/2017) - Resolução Normativa, de 12/06/2018;RN 30;RN 08
RN 30 - REN.RESID ( RN 09/2017) - Resolução Normativa, de 12/06/2018;RN 30;RN 09
RN 30 - REN.RESID ( RN 10/2017) - Resolução Normativa, de 12/06/2018;RN 30;RN 10
RN 30 - REN.RESID ( RN 11/2017) - Resolução Normativa, de 12/06/2018;RN 30;RN 11
RN 30 - REN.RESID ( RN 12/2017) - Resolução Normativa;RN 30;RN 12
RN 30 - REN.RESID ( RN 13/2017) - Resolução Normativa, de 12/06/2018;RN 30;RN 13
RN 30 - REN.RESID ( RN 14/2017) - Resolução Normativa;RN 30;RN 14
RN 30 - REN.RESID ( RN 15/2017) - Resolução Normativa, de 12/06/2018;RN 30;RN 15
RN 30 - REN.RESID ( RN 16/2017) - Resolução Normativa, de 12/06/2018;RN 30;RN 16
RN 30 - REN.RESID ( RN 17/2017) - Resolução Normativa, de 12/06/2018;RN 30;RN 17
RN 30 - REN.RESID ( RN 20/2017) - Resolução Normativa, de 12/06/2018;RN 30;RN 20
RN 30 - REN.RESID ( RN 21/2017) - Resolução Normativa, de 12/06/2018;RN 30;RN 21
RN 30 - REN.RESID ( RN 23/2017) - Resolução Normativa, de 12/06/2018;RN 30;RN 23
RN 30 - REN.RESID ( RN 24/2018) - Resolução Normativa, de 12/06/2018;RN 30;RN 24
RN 30 - REN.RESID ( RN 25/2018) - Resolução Normativa, de 12/06/2018;RN 30;RN 25
RN 30 - REN.RESID (ANEXO XII) - Resolução Normativa, de 18/06/2018, Inciso III;RN 30;ANEXO XII
RN 30 - REN.RESID (ANEXO XII) - Resolução Normativa, Inciso I;RN 30;ANEXO XII
RN 30 - REN.RESID (RN 02/2017) - Resolução Normativa, de 25/07/2018;RN 30;RN 02
RN 30/2018 - Alteração de Prazo (RN 02/2017);RN 30;RN 02
RN 30/2018 - Alteração de Prazo (RN 14/2017);RN 30;RN 14
RN 30/2018 - Alteração de Prazo (RN 24/2018);RN 30;RN 24
RN 30/2018 - Alteração de Prazo (RN 40/2019);RN 30;RN 40
RN 30/2018 - Renovação de Residência (RN 02/2017);RN 30;RN 02
RN 30/2018 - Renovação de Residência (RN 03/2017);RN 30;RN 03
RN 30/2018 - Renovação de Residência (RN 04/2017);RN 30;RN 04
RN 30/2018 - Renovação de Residência (RN 06/2017);RN 30;RN 06
RN 30/2018 - Renovação de Residência (RN 07/2017);RN 30;RN 07
RN 30/2018 - Renovação de Residência (RN 11/2017);RN 30;RN 11
RN 30/2018 - Renovação de Residência (RN 12/2017);RN 30;RN 12
RN 30/2018 - Renovação de Residência (RN 13/2017);RN 30;RN 13
RN 30/2018 - Renovação de Residência (RN 14/2017);RN 30;RN 14
RN 30/2018 - Renovação de Residência (RN 15/2017);RN 30;RN 15
RN 30/2018 - Renovação de Residência (RN 17/2017);RN 30;RN 17
RN 30/2018 - Renovação de Residência (RN 20/2017);RN 30;RN 20
RN 30/2018 - Renovação de Residência (RN 21/2017);RN 30;RN 21
RN 30/2018 - Renovação de Residência (RN 24/2018);RN 30;RN 24
RN 30/2018 - Renovação de Residência (RN 40/2019);RN 30;RN 40
RN 35 - Residência - Resolução Normativa, de 26/10/2018;RN 35;
RN 35 - Residência Prévia - Resolução Normativa, de 26/10/2018;RN 35;
RN 35 - Resolução Normativa, de 28/09/1999;RN 35;
RN 35. - Prorrogação;RN 35;
RN 36/2018 - Residência - Resolução Normativa, de 21/11/2018, Artigo 4º c/c 2º, AlÃ­nea a;RN 36;
RN 36/2018 - Residência - Resolução Normativa, de 21/11/2018, Artigo 4º c/c 2º, AlÃ­nea b;RN 36;
RN 36/2018 - Residência - Resolução Normativa, de 21/11/2018, Artigo 4º c/c 2º, Alínea a;RN 36;
RN 36/2018 - Residência - Resolução Normativa, de 21/11/2018, Artigo 4º c/c 2º, Alínea b;RN 36;
RN 36/2018 - Residência Prévia - Resolução Normativa, de 21/11/2018, Artigo 2º, AlÃ­nea a;RN 36;
RN 36/2018 - Residência Prévia - Resolução Normativa, de 21/11/2018, Artigo 2º, AlÃ­nea b;RN 36;
RN 36/2018 - Residência Prévia - Resolução Normativa, de 21/11/2018, Artigo 2º, Alínea a;RN 36;
RN 36/2018 - Residência Prévia - Resolução Normativa, de 21/11/2018, Artigo 2º, Alínea b;RN 36;
RN 36/2018 (Art. 2º, Alínea a);RN 36;
RN 36/2018 (Art. 2º, Alínea b);RN 36;
RN 36/2018 (Art. 4º c/c 2º, Alínea a);RN 36;
RN 36/2018 (Art. 4º c/c 2º, Alínea b);RN 36;
RN 40 - Residência - Resolução Normativa, de 27/11/0219, Artigo 3º c/c 4º, Inciso I;RN 40;
RN 40 - Residência - Resolução Normativa, de 27/11/2019, Artigo 3º c/c 4º, Inciso II;RN 40;
RN 40/2019 (Art. 3º c/c 4º, Inciso I);RN 40;
RN 40/2019 (Art. 4º c/c 2º, Inciso II);RN 40;
RN 61 - Resolução Normativa, de 08/12/2004;RN 61;
RN 61 - Resolução Normativa, de 08/12/2004, Artigo 6°;RN 61;
RN 61. - Prorrogação;RN 61;
RN 62 - Resolução Normativa, de 08/12/2004, Artigo 2° - A;RN 62;
RN 62 - Resolução Normativa, de 08/12/2004, Artigo 2° - B;RN 62;
RN 62 - Resolução Normativa, de 08/12/2004, Artigo 3°, Inciso I;RN 62;
RN 62 - Resolução Normativa, de 08/12/2004, Artigo 3°, Inciso II;RN 62;
RN 62 - Resolução Normativa, de 08/12/2004, Artigo 3ºø, Inciso I;RN 62;
RN 62 - Resolução Normativa, de 08/12/2004, Artigo 3ºø, Inciso II;RN 62;
RN 62 - Resolução Normativa, de 08/12/2004, Artigo 5°;RN 62;
RN 62 - Resolução Normativa, de 08/12/2004, Artigo 6°;RN 62;
RN 62 - Resolução Normativa, de 08/12/2004, Artigo 8°;RN 62;
RN 63 - Resolução Normativa, de 06/07/2005;RN 63;
RN 69 - Resolução Normativa, de 22/03/2006;RN 69;
RN 70 - Resolução Normativa, de 09/05/2006;RN 70;
RN 71 - Resolução Normativa, de 05/09/2006;RN 71;
RN 72 - Resolução Normativa, de 10/10/2006;RN 72;
RN 72 - Resolução Normativa, de 10/10/2006, Artigo 1°, Parágrafo 1°;RN 72;
RN 72. - Prorrogação;RN 72;
RN 74 - Resolução Normativa, de 09/02/2007, Artigo 1°, Parágrafo 2°;RN 74;
RN 76  REVOGADA PELA RN 121/2016 - Resolução Normativa, de 03/05/2007;RN 76 ;
RN 77 - Resolução Normativa, de 29/01/2008;RN 77;
RN 79 - Resolução Normativa, de 12/08/2008;RN 79;
RN 80 - Resolução Normativa, de 14/10/2008;RN 80;
RN 80. - Prorrogação;RN 80;
RN 84 REVOGADA PELA RN 118/2015 - Resolução Normativa, de 10/02/2009;RN 84 ;
RN 84 REVOGADA PELA RN 118/2015 - Resolução Normativa, de 10/02/2009, Artigo 3º;RN 84 ;
RN 87 - Resolução Normativa, de 15/09/2010;RN 87;
RN 94 - Resolução Normativa, de 16/03/2011;RN 94;
RN 98 - Resolução Normativa, de 14/11/2012;RN 98;
RN 98. - Prorrogação;RN 98;
RN 99 - Resolução Normativa, de 12/12/2012;RN 99;
RN 99. - Prorrogação - Admitida uma única vez, se prazo inicial for inferior a 2 anos. - Prorrogação;RN 99;
Transformação - Transformação;Transformação;
RESOLUÇÃO NORMATIVA 36/2018 - Alteração de prazo;RN 36;
RESOLUÇÃO NORMATIVA 11/2017 (Art. 5º);RN 11;
RESOLUÇÃO NORMATIVA 30/2018 - Renovação de Residência (RN 12/2017);RN 30;RN 12
PORTARIA INTERMINISTERIAL MJSP/MRE Nº 38/2023;PORTARIA INTERMINISTERIAL MJSP/MRE Nº 38/2023;
RESOLUÇÃO NORMATIVA 35/2018;RN 35;
RESOLUÇÃO 50/2024;R 50;
RESOLUÇÃO 50/2024 - Alteração do Prazo;R 50;
RESOLUÇÃO NORMATIVA 18/2017;RN 18;
PORTARIA MJSP Nº 885/2025;PORTARIA MJSP Nº 885/2025;
